{"fishLocations":[{"name":"","position":{"x":-4970.037109375,"y":-8234.8056640625,"z":88462.453125},"rotation":3.1711440086365}],"locations":{"Repairer":{"name":"Tranan Underfoe","position":{"x":10740.200195313,"y":-7193.8100585938,"z":80316.8984375},"rotation":0},"Trader":{"name":"Bahar","position":{"x":22008.599609375,"y":-6342.912109375,"z":76542.6015625},"rotation":0},"Vendor":{"name":"Crio","position":{"x":7132.2299804688,"y":-7818.83984375,"z":83073.1015625},"rotation":0},"Warehouse":{"name":"Ernill","position":{"x":8489.5703125,"y":-7818.83984375,"z":82973.296875},"rotation":0}},"name":""}